Superficie,Habitaciones,Zona,Precio
128,3,Zona 4,1519320.00
118,1,Zona 3,153787.29
88,1,Zona 1,657112.19
187,4,Zona 5,1872994.17
223,4,Zona 5,812518.58
125,2,Zona 5,1651152.19
176,4,Zona 2,2128556.08
219,2,Zona 4,3856833.53
155,2,Zona 3,907546.18
281,2,Zona 5,1038791.75
95,1,Zona 1,1318095.43
182,2,Zona 5,3021219.86
142,1,Zona 4,1879960.16
124,1,Zona 2,1357463.11
127,3,Zona 1,1693998.06
247,2,Zona 4,4222498.69
275,3,Zona 1,4894753.65
145,1,Zona 3,2769411.79
207,2,Zona 4,3642433.99
277,4,Zona 5,1927392.26
238,4,Zona 5,2091836.12
297,3,Zona 5,3299949.39
60,2,Zona 1,635533.72
261,3,Zona 4,3704624.29
104,1,Zona 4,557301.08
152,2,Zona 1,2252080.34
284,3,Zona 2,2683533.33
96,2,Zona 3,795164.85
244,5,Zona 2,1647480.20
253,2,Zona 3,3283689.40
266,3,Zona 5,1185126.74
116,2,Zona 5,814438.87
165,1,Zona 5,3028224.78
185,1,Zona 5,3201743.16
290,3,Zona 2,5018266.72
168,1,Zona 3,949447.87
223,1,Zona 5,4096350.34
145,3,Zona 4,2675346.92
96,2,Zona 5,1357238.96
99,2,Zona 2,941038.05
219,1,Zona 5,1028895.13
282,2,Zona 3,3116241.80
165,4,Zona 3,1394004.71
260,5,Zona 1,4763129.60
171,4,Zona 5,2589295.34
183,4,Zona 2,1869133.87
257,1,Zona 4,3308849.37
98,2,Zona 3,994399.50
140,1,Zona 1,1029358.15
176,1,Zona 1,911776.96
239,5,Zona 1,1368783.36
204,1,Zona 3,820836.52
73,1,Zona 4,191872.75
69,1,Zona 4,303971.18
90,2,Zona 5,291455.18
271,5,Zona 5,2164129.38
101,2,Zona 2,763642.96
101,1,Zona 2,1015634.13
171,2,Zona 4,883042.24
141,3,Zona 4,445475.13
234,4,Zona 4,2623947.89
295,1,Zona 4,3445384.44
270,2,Zona 3,4680499.30
261,2,Zona 4,3564372.74
280,4,Zona 1,471751.28
119,3,Zona 4,983462.40
126,3,Zona 5,2180485.11
164,2,Zona 1,2214427.06
121,2,Zona 2,734754.90
185,3,Zona 5,898641.63
225,2,Zona 1,458965.34
238,4,Zona 2,2119676.56
277,4,Zona 3,1138883.58
252,3,Zona 3,1977034.36
157,1,Zona 4,1302683.75
168,3,Zona 1,3226424.02
232,5,Zona 3,1871985.03
184,3,Zona 2,2709167.38
280,5,Zona 5,3673526.03
119,1,Zona 4,1296815.08
154,2,Zona 2,2308267.03
247,1,Zona 3,4768166.81
232,5,Zona 5,1009919.73
215,2,Zona 1,2650575.03
215,5,Zona 4,1567894.38
161,2,Zona 1,2485835.09
96,1,Zona 1,359793.03
166,3,Zona 3,1453969.24
158,1,Zona 3,1483518.57
67,2,Zona 2,1270481.04
66,1,Zona 1,541709.88
98,2,Zona 4,1330835.57
113,3,Zona 3,929718.66
238,1,Zona 2,2662629.76
297,1,Zona 5,3913714.28
216,1,Zona 4,4220197.08
170,2,Zona 3,2182400.63
104,2,Zona 2,460747.51
272,2,Zona 2,3136415.50
172,2,Zona 3,1493707.08
